{
  "project_info": {
    "project_number": "870605817029",
    "project_id": "cadastro-de-produtos-1afd5",
    "storage_bucket": "cadastro-de-produtos-1afd5.appspot.com"
  },
  "client": [
    {
      "client_info": {
        "mobilesdk_app_id": "1:870605817029:android:0a83a45fc12b06f51bdcac",
        "android_client_info": {
          "package_name": "com.example.recycler"
        }
      },
      "oauth_client": [
        {
          "client_id": "870605817029-r6tjgegfcnf2ivvoo6j38s97kuuegkbc.apps.googleusercontent.com",
          "client_type": 3
        }
      ],
      "api_key": [
        {
          "current_key": "AIzaSyBxh-YpRBcxeymhGZjr4QMaqcKzFORZGEw"
        }
      ],
      "services": {
        "appinvite_service": {
          "other_platform_oauth_client": [
            {
              "client_id": "870605817029-r6tjgegfcnf2ivvoo6j38s97kuuegkbc.apps.googleusercontent.com",
              "client_type": 3
            }
          ]
        }
      }
    }
  ],
  "configuration_version": "1"
}